,duration,credit_amount,num_dependents
count,798.0,798.0,798.0
mean,20.661654135338345,3196.1340852130324,1.1478696741854637
std,12.164011269263609,2734.0711745984668,0.35519337240706117
min,4.0,250.0,1.0
25%,12.0,1344.5,1.0
50%,18.0,2286.0,1.0
75%,24.0,3914.75,1.0
max,72.0,15945.0,2.0
